rouge1,rouge2,rougeL,rougeLsum
0.19896938774764034,0.08696072218384043,0.1523879713864586,0.17484216193952531
